{
  "rulesDirectory": [
    "node_modules/codelyzer"
  ],
  "rules": {
    "directive-selector-name": [true, "camelCase"],
    "component-selector-name": [true, "kebab-case"],
    "directive-selector-type": [true, "attribute"],
    "component-selector-type": [true, "element"],
    "directive-selector-prefix": [true, "sg"],
    "component-selector-prefix": [true, "sg"],
    "use-input-property-decorator": true,
    "use-output-property-decorator": true,
    "use-host-property-decorator": true,
    "no-attribute-parameter-decorator": true,
    "no-input-rename": true,
    "no-output-rename": true,
    "no-forward-ref" :true,
    "use-life-cycle-interface": true,
    "use-pipe-transform-interface": true,
    "pipe-naming": [true, "camelCase", "sg"],
    "component-class-suffix": true,
    "directive-class-suffix": true
  }
}
